date,strategy,benchmark
2019-01-02,100000.0,98634.24008660445
2019-01-03,97882.9907,98478.35367044552
2019-01-04,102391.9907,100837.7084630394
2019-01-07,105110.9907,101449.83135887835
2019-01-08,105280.9907,101230.62646596076
2019-01-09,107162.9907,102252.74339100321
2019-01-10,106974.9907,102060.4429549783
2019-01-11,107115.9907,102794.23046211629
2019-01-14,106517.9907,101897.62448924716
2019-01-15,106492.4428,103897.38626854983
2019-01-16,106112.4428,103919.35159860305
2019-01-17,105073.4428,103346.88786514665
2019-01-18,103376.4428,105232.09644576847
2019-01-21,104753.4428,105812.11999945797
2019-01-22,102749.4428,104406.46841602772
2019-01-23,102940.4428,104331.27211978161
2019-01-24,102815.4428,104920.13096425314
2019-01-25,100340.4428,105773.36429538098
2019-01-28,99319.4428,105750.38257473402
2019-01-29,97703.4483,106088.91703781538
2019-01-30,94016.4483,105242.35999784239
2019-01-31,89721.4483,106343.45645078538
2019-02-01,93792.4483,107863.52504984308
2019-02-11,95982.4483,109825.73684332207
2019-02-12,97403.4483,110618.34878645626
2019-02-13,100098.4483,112833.55879932521
2019-02-14,102548.4483,113003.37906692426
2019-02-15,101880.4483,110896.34157845331
2019-02-18,106849.4483,114451.71905529093
2019-02-19,108763.9075,114247.87627510527
2019-02-20,109769.9075,114657.07313521563
2019-02-21,109616.9075,114350.77087579925
2019-02-22,114273.9075,116922.05971487395
2019-02-25,121314.9075,123876.19419251694
2019-02-26,118990.9075,122388.4906586398
2019-02-27,119280.9075,122179.18727016628
2019-02-28,116291.9075,121879.524764988
2019-03-01,119064.9075,124548.1811657111
2019-03-04,124364.9075,126022.6018695742
2019-03-05,129301.4988,126750.32424852872
2019-03-06,133653.4988,127815.77727839572
2019-03-07,135734.4988,126512.3858819229
2019-03-08,125968.4988,121487.872268002
2019-03-11,132452.4988,123891.85524365885
2019-03-12,134982.4988,124735.43618568422
2019-03-13,134117.4988,123700.51805362146
2019-03-14,129453.4988,122846.60712876444
2019-03-15,132804.4988,124391.75998195221
2019-03-18,135237.4988,127937.2658481867
2019-03-19,135499.5738,127346.5203701948
2019-03-20,137063.5738,127395.58280633822
2019-03-21,139595.5738,127443.79825032022
2019-03-22,138604.5738,127341.16272958147
2019-03-25,134438.5738,124319.35709906986
2019-03-26,129752.5738,122911.47676371677
2019-03-27,129902.5738,124338.04407122768
2019-03-28,128680.5738,123840.06250337145
2019-03-29,132971.5738,128621.28011007319
2019-04-01,136804.5738,131995.52416126526
2019-04-02,136521.5797,131907.74255796155
2019-04-03,135927.5797,133597.45538311024
2019-04-04,135151.5797,134928.53844095522
2019-04-08,134985.5797,134762.3851511845
2019-04-09,135324.5797,135366.9548698662
2019-04-10,135779.5797,135712.95615011977
2019-04-11,131667.5797,132781.06122869806
2019-04-12,130470.5797,132483.41821855566
2019-04-15,128567.5797,132048.54919210906
2019-04-16,131359.8812,135711.03297968264
2019-04-17,132392.8812,135759.21852982364
2019-04-18,133135.8812,135255.5239168001
2019-04-19,137950.8812,136867.54929228663
2019-04-22,136973.8812,133712.19126637495
2019-04-23,133109.8812,133492.78375964618
2019-04-24,133386.8812,133860.92308992316
2019-04-25,127932.8812,130928.91191467537
2019-04-26,127773.8812,129183.73604987311
2019-04-29,121527.8812,129551.06824644333
2019-04-30,120994.4872,129978.78600181712
2019-05-06,110972.4872,122385.9430390797
2019-05-07,111887.4872,123583.4105923047
2019-05-08,111525.4872,121815.98706672873
2019-05-09,110506.4872,119565.40267535271
2019-05-10,114474.4872,123908.35332234844
2019-05-13,113468.4872,121858.10748868626
2019-05-14,115121.3836,121075.0482885179
2019-05-15,117233.3836,123796.782864691
2019-05-16,117330.3836,124357.16616484882
2019-05-17,113486.3836,121194.97573550153
2019-05-20,114147.3836,120166.34527466072
2019-05-21,116533.3836,121793.36075063578
2019-05-22,115813.3836,121215.52609041451
2019-05-23,113062.3836,119042.74208098877
2019-05-24,112558.3836,119373.21185007812
2019-05-27,116206.3836,120810.87973721068
2019-05-28,115798.3836,121975.5238530266
2019-05-29,115897.3836,121698.1256163115
2019-05-30,114843.3836,120943.28288050157
2019-05-31,114645.3836,120564.82685354451
2019-06-03,113072.3836,120638.67792694598
2019-06-04,111745.3836,119524.43150550447
2019-06-05,112722.3836,119479.20544562164
2019-06-06,108224.3836,118402.12371160882
2019-06-10,109115.3836,119932.21339047456
2019-06-11,112963.3836,123537.15817721456
2019-06-12,111918.3836,122601.14215730446
2019-06-13,112684.3836,122411.73478077998
2019-06-14,108707.3836,121398.22063886741
2019-06-17,107312.3836,121396.39047149113
2019-06-18,106027.3836,121821.33806426634
2019-06-19,107751.3836,123426.29188558938
2019-06-20,109076.3836,127165.68588295927
2019-06-21,111193.3836,127345.71323648807
2019-06-24,111476.3836,127589.10224676809
2019-06-25,109935.9078,126261.9452467067
2019-06-26,109765.9078,126030.14176057998
2019-06-27,110813.9078,127374.90623298558
2019-06-28,108866.9078,127068.3316074624
2019-07-01,112092.9078,130729.47349372921
2019-07-02,110953.9078,130774.56337055862
2019-07-03,108955.9078,129325.21031313614
2019-07-04,108560.9078,128646.54704878718
2019-07-05,108331.7278,129314.19609349959
2019-07-08,105070.3678,126311.100685911
2019-07-09,104865.3278,125990.24012593161
2019-07-10,104616.1878,125777.97060412413
2019-07-11,104331.1678,125727.5496589845
2019-07-12,103991.2478,126508.44653798778
2019-07-15,105348.5278,127021.84668472005
2019-07-16,105982.5678,126445.7956903446
2019-07-17,106005.6278,126372.50595684619
2019-07-18,105140.3878,125168.89688006631
2019-07-19,105837.1478,126482.67140397702
2019-07-22,101910.0678,125610.04029158335
2019-07-23,102990.1878,125883.41282437825
2019-07-24,103307.1878,126877.18374508464
2019-07-25,104443.8478,127914.63288901802
2019-07-26,104053.0078,128163.82462598835
2019-07-29,104000.7378,128021.05164141118
2019-07-30,103679.5878,128554.065469372
2019-07-31,102967.0278,127392.89900372481
2019-08-01,102955.4078,126333.67717893567
2019-08-02,102171.6378,124472.56967722907
2019-08-05,101893.9678,122089.38285028888
2019-08-06,99219.528,120782.0421452672
2019-08-07,97728.558,120287.20275225303
2019-08-08,98012.768,121876.97714542798
2019-08-09,97598.008,120689.06233516883
2019-08-12,99744.818,122867.16412675322
2019-08-13,98874.468,121759.32495189765
2019-08-14,98722.418,122312.36101024724
2019-08-15,99582.138,122697.62951141258
2019-08-16,98527.228,123246.94544732761
2019-08-19,102563.558,125922.64350837324
2019-08-20,103410.918,125810.96676150338
2019-08-21,104283.448,125612.52148038568
2019-08-22,103716.468,126002.74239454199
2019-08-23,103427.338,126911.4387653234
2019-08-26,102390.228,125086.14408512507
2019-08-27,104205.758,126781.30423241002
2019-08-28,105191.538,126304.28156862699
2019-08-29,105951.628,125892.4872658882
2019-08-30,103923.218,126204.69854120725
2019-09-02,105412.018,127823.40020784871
2019-09-03,106041.508,127999.13613442621
2019-09-04,107087.258,129075.00218557207
2019-09-05,108648.918,130381.09067080994
2019-09-06,109338.998,131151.17262244996
2019-09-09,113531.288,131962.9863761146
2019-09-10,114021.208,131508.48706075
2019-09-11,112921.628,130539.75721418114
2019-09-12,114440.168,131944.1034332214
2019-09-16,115287.648,131457.01650963776
2019-09-17,111440.088,129248.37317717334
2019-09-18,111521.118,129874.91154744617
2019-09-19,113437.848,130349.84496389766
2019-09-20,112989.038,130724.14242541896
2019-09-23,112936.798,129229.79913730372
2019-09-24,112998.038,129575.71073603434
2019-09-25,111936.848,128576.19023324385
2019-09-26,108439.378,127584.88057211245
2019-09-27,109436.308,127967.34237376244
2019-09-30,107277.858,126700.9994108922
2019-10-08,107921.348,127469.96532580181
2019-10-09,107896.608,127654.64615391172
2019-10-10,109302.528,128697.60572920128
2019-10-11,108799.278,129929.43791341539
2019-10-14,111362.928,131308.40093991568
2019-10-15,110000.298,130744.02847275439
2019-10-16,108629.718,130293.48178747646
2019-10-17,108183.808,130377.72263139156
2019-10-18,106014.148,128522.84633476283
2019-10-21,104864.778,128903.56432902161
2019-10-22,105626.328,129403.1601642914
2019-10-23,105162.458,128579.54830804863
2019-10-24,104852.438,128565.69749505573
2019-10-25,105591.328,129433.43266060253
2019-10-28,109040.348,130423.00847895638
2019-10-29,107513.468,129879.63809586082
2019-10-30,106336.398,129248.52928945413
2019-10-31,105389.048,129099.93697049722
2019-11-01,106355.158,131280.0383278902
2019-11-04,105911.358,132134.81617413595
2019-11-05,106142.008,132954.94373713422
2019-11-06,104308.798,132359.35213536376
2019-11-07,105201.258,132591.63724448424
2019-11-08,105420.498,131965.05569421887
2019-11-11,103994.988,129638.90299435332
2019-11-12,103608.7208,129662.50252104743
2019-11-13,102300.1208,129539.36314692613
2019-11-14,102943.9408,129734.52010553473
2019-11-15,101959.9708,128778.98672899482
2019-11-18,103553.0108,129803.34569211167
2019-11-19,104835.4708,131102.40248164072
2019-11-20,103797.7208,129801.18669248448
2019-11-21,103616.8608,129194.47126032718
2019-11-22,103036.5608,127879.0359674725
2019-11-25,102521.0508,128816.08498566574
2019-11-26,101169.2052,129262.73882853893
2019-11-27,100460.2052,128730.14019281413
2019-11-28,100057.8452,128287.85417226364
2019-11-29,100614.2252,127170.74458516268
2019-12-02,100641.7752,127416.14976894071
2019-12-03,101310.3052,127915.32376889874
2019-12-04,101309.6952,127873.19670386541
2019-12-05,102704.8152,128854.53842979498
2019-12-06,104284.3052,129619.20627467756
2019-12-09,104575.3252,129388.74136831968
2019-12-10,105402.7809,129552.74230153895
2019-12-11,104566.0409,129631.29335105192
2019-12-12,103788.8509,129241.84303368563
2019-12-13,105454.2309,131805.96731553593
2019-12-16,107162.5309,132447.86447700282
2019-12-17,107729.0809,134249.90507044736
2019-12-18,108341.1209,133950.40199908768
2019-12-19,109630.8709,133763.29644831957
2019-12-20,107788.8709,133434.5704866214
2019-12-23,105389.2309,131768.60333583396
2019-12-24,107584.8808,132627.61614288687
2019-12-25,108895.0208,132558.1627856491
2019-12-26,109222.4508,133724.71346421272
2019-12-27,106961.1408,133593.1772423106
2019-12-30,106561.1208,135572.9998296717
2019-12-31,106321.8008,136069.52656393297
2020-01-02,107945.6208,137918.2513723932
2020-01-03,107920.5208,137676.57959720126
2020-01-06,108493.2608,137156.11121784337
2020-01-07,110688.7793,138183.52931735505
2020-01-08,108641.7793,136592.17387214542
2020-01-09,110039.3793,138321.11738128908
2020-01-10,109681.0093,138281.76380039222
2020-01-13,110365.5693,139637.06419097848
2020-01-14,109760.6993,139168.65759647687
2020-01-15,111381.7593,138399.66178772628
2020-01-16,109654.7293,137812.04851996273
2020-01-17,109257.9593,138005.01658510315
2020-01-20,110580.0993,139033.942662816
2020-01-21,108851.0815,136658.3156561089
2020-01-22,109784.4715,137243.65699195702
2020-01-23,105069.3615,132991.09867704494
2020-02-03,96494.5515,122510.20177146934
2020-02-04,95277.7415,125741.38718582588
2020-02-05,97181.5615,127165.98149983134
2020-02-06,99477.2115,129532.50749272537
2020-02-07,101732.3015,129535.63638141587
2020-02-10,103154.0315,130071.59641348333
2020-02-11,101846.1795,131282.59923360188
2020-02-12,104051.4795,132344.43510870886
2020-02-13,102379.5595,131530.20327546174
2020-02-14,102302.5195,132454.10232515648
2020-02-17,105756.3695,135433.1863353528
2020-02-18,108435.5895,134771.75853110457
2020-02-19,108388.5495,134565.8198605116
2020-02-20,112086.0095,137666.32268820322
2020-02-21,112542.5295,137826.8924727842
2020-02-24,116525.6595,137273.8065913663
2020-02-25,121406.8447,136975.3830198202
2020-02-26,121394.9247,135286.74305140937
2020-02-27,118613.4647,135680.70069568968
2020-02-28,111862.4447,130870.21369711902
2020-03-02,115273.4647,135175.50474754078
2020-03-03,116808.3647,135896.1223569529
2020-03-04,116653.2647,136683.02457645765
2020-03-05,117730.7047,139727.96803989695
2020-03-06,116492.3647,137462.08464500887
2020-03-09,114937.8847,132766.27042048302
2020-03-10,116809.2141,135609.47363721972
2020-03-11,115685.3141,133805.7922040585
2020-03-12,114289.2541,131231.00910712566
2020-03-13,114127.7941,129384.2905075498
2020-03-16,108928.0341,123821.61136040381
2020-03-17,109278.2541,123218.49979685496
2020-03-18,106379.9341,120779.63735183634
2020-03-19,107604.6341,119213.07054388475
2020-03-20,108324.3141,121343.21597144239
2020-03-23,105209.0541,117260.44470875048
2020-03-24,108074.8941,120409.55492189489
2020-03-25,109113.5141,123644.84907861886
2020-03-26,106833.1341,122832.03886358782
2020-03-27,105780.0141,123231.06517468518
2020-03-30,103765.0541,122036.98226856806
2020-03-31,103037.0741,122437.0382564107
2020-04-01,103528.8141,122069.03510918711
2020-04-02,106305.7741,124043.84881741312
2020-04-03,105105.0941,123335.952698112
2020-04-07,107997.7541,126152.71979479823
2020-04-08,109080.6341,125565.57486387691
2020-04-09,109653.7941,125979.63777699319
2020-04-10,107433.6741,125194.68197869077
2020-04-13,105330.8741,124665.84000231729
2020-04-14,106684.4341,127072.04508682118
2020-04-15,105682.0341,126130.8275385785
2020-04-16,106408.1741,126297.51227441129
2020-04-17,105358.9541,127530.01873081664
2020-04-20,105727.0741,127993.97114301048
2020-04-21,105306.0741,126485.73718344767
2020-04-22,105329.1141,127526.57429602681
2020-04-23,104808.8741,127206.68030357281
2020-04-24,103356.1541,126117.86689773959
2020-04-27,102594.3941,126974.72070516531
2020-04-28,100461.2541,127850.8593615687
2020-04-29,99474.7341,128444.93302052438
2020-04-30,101729.1541,129957.73409468317
2020-05-06,103284.4941,130744.16465580782
2020-05-07,102799.5141,130366.86120249788
2020-05-08,103583.8941,131653.19650191593
2020-05-11,103164.6141,131538.88909703877
2020-05-12,102251.2741,131540.79898132436
2020-05-13,103755.3141,131807.0235645843
2020-05-14,103040.3141,130377.59309141395
2020-05-15,102864.5541,129965.66260562175
2020-05-18,101442.9741,130300.99842771699
2020-05-19,101955.3541,131408.32608573782
2020-05-20,101034.4941,130709.8897063417
2020-05-21,100230.0741,129998.18046154514
2020-05-22,98811.5341,127017.73462081474
2020-05-25,98998.4141,127192.46412141222
2020-05-26,99955.0141,128635.52618607487
2020-05-27,99227.1741,127733.50942798618
2020-05-28,99134.7941,128099.50636632541
2020-05-29,99927.7741,128444.6407251902
2020-06-01,102229.3941,131909.56940380007
2020-06-02,102644.7188,132315.7104490535
2020-06-03,101905.8788,132318.3676793639
2020-06-04,101197.6788,132269.7868662142
2020-06-05,101413.5588,132903.06463686173
2020-06-08,101358.8988,133590.75584119026
2020-06-09,102372.3188,134423.6115373753
2020-06-10,101677.7588,134180.3354593835
2020-06-11,101661.4588,132724.8209491788
2020-06-12,101284.2388,132963.91521096963
2020-06-15,101307.2388,131366.43484989455
2020-06-16,102628.7988,133345.4702327762
2020-06-17,103219.9588,133445.91021697095
2020-06-18,103121.9788,134335.75353870017
2020-06-19,103454.1788,136140.188960962
2020-06-22,104582.3988,136251.00875105674
2020-06-23,104174.4788,136906.96266086554
2020-06-24,104388.6788,137478.10442224253
2020-06-29,102731.5588,136505.78731475468
2020-06-30,103929.3588,138307.63193746386
2020-07-01,104414.1988,141091.7383520975
2020-07-02,107091.2988,144016.71783163646
2020-07-03,110067.2388,146798.5390282032
2020-07-06,115267.4988,155118.9715083796
2020-07-07,118056.9988,156050.04840145024
2020-07-08,122616.6788,158570.35827702016
2020-07-09,126293.3988,160788.04947869142
2020-07-10,124096.5988,157877.12342595658
2020-07-13,125640.8788,161192.9449472369
2020-07-14,128049.4061,159656.0361510871
2020-07-15,122567.5261,157589.32545411418
2020-07-16,118505.9461,150009.0611553586
2020-07-17,118269.8261,150953.9556460433
2020-07-20,122043.4261,155458.0905621293
2020-07-21,122357.6661,155814.75397900326
2020-07-22,125381.3061,156592.09016939063
2020-07-23,124721.4461,156525.3372224558
2020-07-24,118731.6661,149654.89885651428
2020-07-27,118670.0061,150414.1824884804
2020-07-28,119249.9461,151736.40700477813
2020-07-29,121532.0461,155415.02350187363
2020-07-30,121654.0861,154655.80630066525
2020-07-31,123617.8861,155947.73839142453
2020-08-03,126612.1461,158480.89597554517
2020-08-04,127274.5061,158630.0861713219
2020-08-05,128189.6261,158673.48206382844
2020-08-06,131827.4061,158197.01741841057
2020-08-07,131764.0061,156375.55247139707
2020-08-10,135719.8061,156938.3372434479
2020-08-11,133507.1361,155507.21942903046
2020-08-12,131536.5561,154373.27628791318
2020-08-13,131949.2361,153976.95038711876
2020-08-14,132954.1561,156266.02808107866
2020-08-17,136819.6561,159939.55930366766
2020-08-18,138567.1561,159857.52728244808
2020-08-19,136157.8761,157463.42920354585
2020-08-20,134294.5361,155419.88623334168
2020-08-21,134494.1561,156738.16144109057
2020-08-24,133609.9761,157967.3297519185
2020-08-25,130719.6757,158169.9967076918
2020-08-26,129148.5957,156315.89765092882
2020-08-27,129181.6957,157153.42010784647
2020-08-28,130484.1357,160904.1040124976
2020-08-31,131510.7757,159972.41595645557
2020-09-01,133263.4357,160832.92677709597
2020-09-02,133731.8957,160891.54195620524
2020-09-03,133708.8157,160001.64216833192
2020-09-04,133691.6757,158444.63142488405
2020-09-07,129999.4357,155094.8172848581
2020-09-08,132556.8568,155925.92253057618
2020-09-09,129695.9368,152278.85067880288
2020-09-10,124935.3568,152192.11868147177
2020-09-11,124948.6368,153696.94474316153
2020-09-14,125882.5168,154486.4111899158
2020-09-15,126479.8168,155729.72593060866
2020-09-16,126306.2368,154695.92383527628
2020-09-17,125800.5968,153877.35739508536
2020-09-18,128419.0568,157344.19595798082
2020-09-21,128623.0168,155827.5618290993
2020-09-22,127938.2067,153978.55136838072
2020-09-23,127664.2267,154528.81394259384
2020-09-24,126392.9667,151563.95607917174
2020-09-25,125842.1267,151794.99893312211
2020-09-28,124250.7467,152189.82682032904
2020-09-29,124971.5867,152518.35348975394
2020-09-30,124292.9467,152372.07296116705
2020-10-09,125300.6267,155485.87854810007
2020-10-12,128282.4687,160203.01372432892
2020-10-13,127454.1687,160735.8946907742
2020-10-14,125577.5887,159669.71756564762
2020-10-15,123351.2887,159391.83770593876
2020-10-16,124687.3487,159157.33380950912
2020-10-19,124936.4487,157955.33235706703
2020-10-20,126419.5504,159216.82919615868
2020-10-21,126212.8304,159195.61121213026
2020-10-22,125499.8504,158702.56544957557
2020-10-23,123551.7904,156726.36998158816
2020-10-26,122215.1704,155821.17783327858
2020-10-27,121577.5904,156088.33909022293
2020-10-28,120833.0504,157350.2776938537
2020-10-29,120181.2504,158534.3395201628
2020-10-30,117128.4704,155957.29113439034
2020-11-02,117494.2504,156804.20025737942
2020-11-03,120310.4422,158688.49209354416
2020-11-04,119873.7822,159887.42112343985
2020-11-05,120949.1622,162260.83930745148
2020-11-06,120311.0422,162280.9678270527
2020-11-09,123337.0422,165457.4176185531
2020-11-10,122510.6422,164544.85497767007
2020-11-11,120268.4822,162918.04875858195
2020-11-12,120706.6022,163036.45826275076
2020-11-13,120067.3622,161322.15609261734
2020-11-16,120299.8422,162893.9177858257
2020-11-17,119426.2022,162582.17152581096
2020-11-18,119794.6222,162478.7255498275
2020-11-19,120460.4022,163685.02507229664
2020-11-20,120599.5822,164193.19047531747
2020-11-23,121380.9622,166243.87807351872
2020-11-24,122131.0022,165222.77753907
2020-11-25,121492.1822,163110.76106530495
2020-11-26,121117.2422,163406.08564200153
2020-11-27,120871.3822,165437.996586522
2020-11-30,121164.7622,164756.64619802163
2020-12-01,122531.3222,168305.5898559702
2020-12-02,123851.9022,168307.13104955023
2020-12-03,123122.4022,167972.17388277422
2020-12-04,122288.3022,168266.32927813422
2020-12-07,122175.8022,166815.44167020748
2020-12-08,121002.5022,166405.01584107857
2020-12-09,118028.4822,164173.6066879299
2020-12-10,118153.7822,164101.40641885877
2020-12-11,116444.3022,162410.8864600033
2020-12-14,116201.0622,163912.42087764607
2020-12-15,116343.7222,164253.37009877202
2020-12-16,114177.9222,164544.5693254117
2020-12-17,115412.7222,166657.44607748973
2020-12-18,115158.5822,166075.82486407616
2020-12-21,116206.1222,167632.68945985698
2020-12-22,113328.8622,164906.8062828618
2020-12-23,114149.8622,166313.50415072675
2020-12-24,112341.8622,166077.40591611087
2020-12-25,113741.4022,167472.3953629207
2020-12-28,113310.5022,168216.45306520833
2020-12-29,113714.3778,167503.03322839946
2020-12-30,113203.2778,169853.8317393939
2020-12-31,115221.1578,173094.92197973237
2021-01-04,115673.0378,174969.25252377105
2021-01-05,114501.5578,178316.9242718592
2021-01-06,112759.3378,179949.88530065375
2021-01-07,110106.5978,183138.19962549006
2021-01-08,112035.1778,182532.80948695002
2021-01-11,110666.4978,180730.13447976887
2021-01-12,110620.3778,185884.9686327249
2021-01-13,109190.0378,185274.42346738273
2021-01-14,109309.7978,181703.27865019088
2021-01-15,109621.1178,181292.2350150148
2021-01-18,111263.5178,183299.749263748
2021-01-19,113025.5978,180609.3998990785
2021-01-20,112214.3978,181901.81693436945
2021-01-21,112309.9378,184842.5637542626
2021-01-22,109371.9578,185002.2201159244
2021-01-25,108736.0978,186867.1706369674
2021-01-26,108028.4265,183115.31422944184
2021-01-27,108426.1665,183614.72738012776
2021-01-28,108236.0665,178603.83207154763
2021-01-29,107134.0465,177767.53194057272
2021-02-01,105900.6065,179949.24424384136
2021-02-02,105432.8865,182720.838425251
2021-02-03,103992.1065,182193.02280408487
2021-02-04,101014.3065,181819.2401809362
2021-02-05,100375.6465,182133.67356510233
2021-02-08,100431.1265,184829.02848736907
2021-02-09,101865.9265,188870.95479865244
2021-02-10,101783.2265,192905.5903342717
2021-02-18,104729.8065,191598.9737245096
2021-02-19,106985.5065,191946.42651682018
2021-02-22,107610.9665,185917.5263471029
2021-02-23,106163.5865,185330.7899653418
2021-02-24,106552.5465,180610.89126959015
2021-02-25,106135.0065,181673.45456149458
2021-02-26,105272.0465,177262.53528469705
2021-03-01,106436.9465,179986.9536634836
2021-03-02,105520.9265,177689.99063857767
2021-03-03,106289.6065,181097.30392098252
2021-03-04,106192.3065,175400.64390004883
2021-03-05,107839.8265,174805.75646431066
2021-03-08,106728.9865,168734.94180798484
2021-03-09,105213.0265,165113.62848253286
2021-03-10,103419.7665,166196.87166932793
2021-03-11,104913.8465,170335.624131584
2021-03-12,104893.7265,170938.91505817874
2021-03-15,104383.2465,167257.50514771944
2021-03-16,105438.3665,168712.9465840906
2021-03-17,105716.0065,169426.93440387832
2021-03-18,104932.6465,170785.7755538532
2021-03-19,103942.1465,166312.41468629937
2021-03-22,105117.2865,167975.21973301747
2021-03-23,104530.0465,166384.0004708612
2021-03-24,104489.7665,163708.14961907276
2021-03-25,104259.4065,163630.4787771001
2021-03-26,104669.5865,167338.74332138378
2021-03-29,104619.8665,167633.94167964061
2021-03-30,103667.6665,169223.3573467236
2021-03-31,104888.6265,167683.21337267096
2021-04-01,105001.6865,169756.38778237387
2021-04-02,105074.8065,171443.0680434308
2021-04-06,105276.8065,170738.40045895678
2021-04-07,105765.1065,169522.75080733298
2021-04-08,105143.3465,169803.94556185402
2021-04-09,104654.0465,167250.6395289049
2021-04-12,103620.4465,164341.25466975008
2021-04-13,103865.7265,164072.1403485276
2021-04-14,105062.9065,165433.4427580775
2021-04-15,103098.3665,164382.04979809036
2021-04-16,104157.7865,164953.58682247598
2021-04-19,104283.3665,168967.18041557484
2021-04-20,104047.7665,168845.9077457466
2021-04-21,103480.7065,169356.74366522933
2021-04-22,103141.1065,169041.15106434026
2021-04-23,102089.0865,170576.03040084054
2021-04-26,101906.5865,168642.3572608951
2021-04-27,101153.7065,169083.53388779104
2021-04-28,102003.4665,170037.56592920556
2021-04-29,101926.1865,171529.83657767868
2021-04-30,101113.5465,170178.62832177037
2021-05-06,102251.1265,168107.16450407976
2021-05-07,102140.9265,165945.78333422352
2021-05-10,102143.3465,165825.1882581244
2021-05-11,103982.4065,166842.824428556
2021-05-12,104298.7065,167556.57641915366
2021-05-13,103713.0465,165843.5165041903
2021-05-14,105667.9865,169750.18647113704
2021-05-17,104122.7665,172221.25122597968
2021-05-18,104581.5865,172308.14265712939
2021-05-19,104857.0665,171798.9741496664
2021-05-20,105551.8065,172268.63960702758
2021-05-21,104882.1265,170532.6810098645
2021-05-24,106271.7265,171244.79216074548
2021-05-25,107961.1265,176655.26183417457
2021-05-26,107230.5265,176725.50239589182
2021-05-27,107216.5865,177311.42832240826
2021-05-28,106870.5265,176741.97390227835
2021-05-31,106554.9865,177090.1042883181
2021-06-01,106325.5065,177425.91841186924
2021-06-02,105897.7465,175708.47738843167
2021-06-03,106165.1665,174556.29900430935
2021-06-04,106552.8065,175452.83854642074
2021-06-07,106737.2665,175298.3837130915
2021-06-08,107222.6865,173786.731891042
2021-06-09,108407.0265,173930.6474846526
2021-06-10,109627.3865,175093.74376381273
2021-06-11,110854.3665,173540.4896797162
2021-06-15,111138.6665,171609.2379408911
2021-06-16,112824.3083,168750.4301391566
2021-06-17,112496.1283,169461.28907025384
2021-06-18,113270.1483,169480.33144696566
2021-06-21,113608.7283,169079.07970548337
2021-06-22,113978.6683,170134.4286170951
2021-06-23,112915.7883,170972.63531081768
2021-06-24,112823.6883,171257.62326160682
2021-06-25,111423.0083,174047.53572446873
2021-06-28,110984.5083,174439.21147222002
2021-06-29,109457.6683,172405.90216024866
2021-06-30,110992.5483,173518.50109889772
2021-07-01,109122.2683,173705.27781741493
2021-07-02,109057.8883,168771.23293094905
2021-07-05,109735.2083,168926.52147028816
2021-07-06,111576.1483,168837.2352103212
2021-07-07,111444.8483,170743.31965656905
2021-07-08,111241.0083,169008.3708069239
2021-07-09,111829.0483,168383.2407687156
2021-07-12,112710.3683,170484.86747196704
2021-07-13,112640.2483,170796.76984426254
2021-07-14,111979.0683,168836.59083197097
2021-07-15,111167.9683,171107.78204440404
2021-07-16,112424.5483,169224.80553724294
2021-07-19,112051.5283,169846.6572175558
2021-07-20,111167.1283,169697.1747264449
2021-07-21,112567.1283,170861.33057619128
2021-07-22,113882.0083,171117.38461043817
2021-07-23,113188.4683,169040.64286904354
2021-07-26,112289.2083,163595.672381572
2021-07-27,110858.3883,157816.6614717815
2021-07-28,107553.3083,158121.23320995824
2021-07-29,109264.5883,161103.70851033818
2021-07-30,109827.4083,159804.81779770358
2021-08-02,110761.1283,163875.91053318136
2021-08-03,111636.6283,163899.9020013463
2021-08-04,111500.8083,165374.31938367148
2021-08-05,110130.9483,164371.95896598676
2021-08-06,110550.4483,163471.636192221
2021-08-09,110866.8183,165597.354009774
2021-08-10,112790.7943,167510.0715671841
2021-08-11,113485.8543,166586.43824052042
2021-08-12,114071.7743,165191.73444596896
2021-08-13,113737.0443,164282.6959567851
2021-08-16,113945.5543,164119.43240497692
2021-08-17,112606.8143,160676.18672569984
2021-08-18,114299.4443,162563.9827843364
2021-08-19,115479.7643,161497.80233767192
2021-08-20,114969.2043,158413.03695649357
2021-08-23,117040.5543,160625.52662983228
2021-08-24,118815.5699,162369.73260557125
2021-08-25,119668.9199,162694.14721109078
2021-08-26,119769.2599,159487.27545407432
2021-08-27,119380.4599,160332.07207896668
2021-08-30,120516.6599,159874.59666565442
2021-08-31,121122.1799,159620.1535772832
2021-09-01,120534.4299,161740.91566030725
2021-09-02,122052.7999,161739.34125134835
2021-09-03,121227.3799,160864.1525547809
2021-09-06,121746.0999,163875.58502246835
2021-09-07,119897.2407,165838.72020348022
2021-09-08,120945.3407,165151.2615068039
2021-09-09,120326.2607,165080.87479741956
2021-09-10,119231.4907,166526.02943095163
2021-09-13,120055.7807,165799.87149634236
2021-09-14,119116.7507,163325.388879013
2021-09-15,121958.9307,161669.83474950437
2021-09-16,119797.1107,159689.50396684642
2021-09-17,119417.8507,161291.89356091997
2021-09-22,120419.1707,160156.83438307233
2021-09-23,121602.8333,161200.73395358422
2021-09-24,119909.8033,161075.57840596492
2021-09-27,116724.6033,162003.6858441637
2021-09-28,117448.0333,162218.1974040456
2021-09-29,115135.0233,160560.7533194787
2021-09-30,116111.7533,161638.74183333496
2021-10-08,116990.8733,163749.85484879444
2021-10-11,118632.6583,163957.4808606345
2021-10-12,118069.6983,162218.4930209176
2021-10-13,117462.1783,164087.5888212448
2021-10-14,117194.5483,163207.49421321682
2021-10-15,115861.4083,163821.8491825165
2021-10-18,117692.0383,161917.5085436599
2021-10-19,117589.9083,163510.1162086533
2021-10-20,117673.7983,163093.64185903032
2021-10-21,116609.7983,163685.90527983702
2021-10-22,114537.9983,164739.15830104146
2021-10-25,114114.9683,165396.75969364273
2021-10-26,113837.0483,164851.19377400322
2021-10-27,112376.1783,162694.38636181867
2021-10-28,108666.6383,161564.1865939012
2021-10-29,111152.3983,163046.6587056048
2021-11-01,112210.1483,162445.9585785626
2021-11-02,111096.4887,160757.3086455381
2021-11-03,110565.8487,160135.05838067867
2021-11-04,110671.3687,161717.10687672615
2021-11-05,110524.7487,160840.3504142756
2021-11-08,111507.8987,161034.118970047
2021-11-09,110873.7887,160986.45157981652
2021-11-10,112163.0587,160137.73554021638
2021-11-11,112813.3787,162710.6120744015
2021-11-12,113925.5587,162369.22441027436
2021-11-15,114421.1187,162170.02514005607
2021-11-16,113577.9387,162201.3439208019
2021-11-17,114370.4187,162282.18350991968
2021-11-18,113811.5487,160683.33135369682
2021-11-19,114195.8787,162425.11260677758
2021-11-22,114807.6087,163167.1939940219
2021-11-23,115787.7987,163198.63899320742
2021-11-24,115836.1487,163308.6549711333
2021-11-25,114462.4387,162637.1629070845
2021-11-26,114274.4087,161430.9431015247
2021-11-29,114169.5387,161141.85305144385
2021-11-30,114339.5887,160497.57434731128
2021-12-01,114427.3387,160890.3462025656
2021-12-02,112585.5487,161299.29394733434
2021-12-03,112912.9587,162789.15315930083
2021-12-06,111984.0387,162510.25690899824
2021-12-07,111007.9387,163489.4662076037
2021-12-08,111579.2987,165941.7011641593
2021-12-09,113588.0987,168690.61588486977
2021-12-10,113601.8287,167907.63308007285
2021-12-13,116109.2587,168860.36640017317
2021-12-14,116913.1787,167727.54261732416
2021-12-15,117968.7787,166272.8352408262
2021-12-16,119203.8687,167230.5342600691
2021-12-17,119534.7387,164574.22733721355
2021-12-20,117345.6787,162104.92631898948
2021-12-21,119489.6787,163203.2758600991
2021-12-22,119933.8587,163235.46488377155
2021-12-23,119463.8887,164374.23754097795
2021-12-24,119299.7887,163464.3354519432
2021-12-27,118627.2787,163397.2038496891
2021-12-28,120448.4887,164614.2352610743
2021-12-29,118970.1587,162206.6517383469
2021-12-30,120696.2187,163469.84920483723
2021-12-31,120774.9487,164096.37096742063
2022-01-04,121292.6287,163345.43768170488
2022-01-05,120691.0187,161696.45687567658
2022-01-06,121921.5187,160039.3947679668
2022-01-07,120846.0787,160176.81011193065
2022-01-10,119946.8087,160896.7933076062
2022-01-11,119220.2987,159359.8645822291
2022-01-12,119706.6187,160947.73241265633
2022-01-13,119374.9787,158301.80861723862
2022-01-14,117502.8787,157000.18427892218
2022-01-17,119750.6987,158346.88520791646
2022-01-18,118957.6887,159877.1509282903
2022-01-19,119267.3887,158782.0797450761
2022-01-20,117762.2987,160214.6822869295
2022-01-21,116421.7887,158746.73193887217
2022-01-24,115823.9187,158993.30630398676
2022-01-25,111276.9592,155396.52585737544
2022-01-26,111962.4592,156521.19194317158
2022-01-27,108772.1492,153450.94832563947
2022-01-28,109792.9792,151587.41610127463
2022-02-07,110333.7892,153923.0517918104
2022-02-08,111931.3392,153082.1380447091
2022-02-09,114222.5092,154519.96536566032
2022-02-10,114805.5992,154114.79088793226
2022-02-11,113689.8892,152837.08826548513
2022-02-14,112706.1492,151186.03481981473
2022-02-15,112582.3792,152794.14742366926
2022-02-16,113196.4092,153388.26426261748
2022-02-17,112358.0592,153759.46605082715
2022-02-18,113253.5592,154492.55935654658
2022-02-21,115567.6892,153930.4986797553
2022-02-22,114109.3392,151932.21498481277
2022-02-23,115225.8192,153556.2410766887
2022-02-24,113437.8492,150443.04333118917
2022-02-25,112765.9192,151908.03418898827
2022-02-28,112530.7892,152181.10446183535
2022-03-01,113430.7492,153444.62743903868
2022-03-02,114492.8092,152079.9569900704
2022-03-03,113698.9792,151184.05850477138
2022-03-04,112286.4792,149350.62937828535
2022-03-07,111239.2592,144579.15384220908
2022-03-08,109641.7092,141676.57813572462
2022-03-09,108225.9492,140379.69363197434
2022-03-10,109618.7292,142588.2207106127
2022-03-11,110495.4592,143042.7499198183
2022-03-14,108369.7492,138666.15873709306
2022-03-15,104872.1492,132323.8249661139
2022-03-16,107791.3592,138045.8050703677
2022-03-17,108270.7492,140756.66493149553
2022-03-18,109358.6492,141693.54122971863
2022-03-21,109074.2992,141455.85862153015
2022-03-22,109294.9692,141341.23567055367
2022-03-23,109631.3392,142046.14572729348
2022-03-24,108133.8692,141208.7428457398
2022-03-25,108670.0592,138660.06371506862
2022-03-28,109030.0092,137792.87992481125
2022-03-29,107950.2192,137317.16262541822
2022-03-30,109807.5292,141301.50675587548
2022-03-31,109287.6492,140255.1525688644
2022-04-01,110212.3492,142034.20812012412
2022-04-06,111166.6592,141625.09761999882
2022-04-07,109362.0492,139806.844600123
2022-04-08,109155.0792,140526.52553585073
2022-04-11,106474.6792,136185.38844854184
2022-04-12,107485.6492,138839.37693795157
2022-04-13,105643.7092,137502.9329179554
2022-04-14,106377.2792,139224.53250682875
2022-04-15,105112.2692,139130.82527993288
2022-04-18,104539.7592,138388.03640511844
2022-04-19,105093.9192,137342.32659645766
2022-04-20,103798.9092,135212.79565340924
2022-04-21,101060.0692,132723.00738949206
2022-04-22,100333.5592,133301.61264650334
2022-04-25,94759.0392,126713.7707240716
2022-04-26,92188.8697,125690.9728837621
2022-04-27,94482.6997,129391.70750165371
2022-04-28,93738.7597,130241.06459806628
2022-04-29,95713.4097,133400.96648780874
2022-05-05,94909.3197,133200.65118086012
2022-05-06,93207.9097,129832.7711962614
2022-05-09,94181.2497,128790.51910854198
2022-05-10,94358.3143,130199.914065172
2022-05-11,94237.0843,132078.39985310854
2022-05-12,93916.0543,131491.04898683817
2022-05-13,94895.9743,132482.8668432664
2022-05-16,94981.4243,131417.90207946894
2022-05-17,94169.6443,133057.26703331154
2022-05-18,95730.3943,132592.70013660844
2022-05-19,97103.8543,132848.17622326282
2022-05-20,97375.0043,135439.022277422
2022-05-23,98807.0543,134654.558066727
2022-05-24,95432.7043,131504.80347523233
2022-05-25,96697.7943,132302.77970205562
2022-05-26,96803.7043,132630.48927316006
2022-05-27,97003.0143,132904.65565351016
2022-05-30,96200.7943,133825.35606221872
2022-05-31,97156.0443,135901.30727759603
2022-06-01,97116.9143,135624.27773158648
2022-06-02,96863.4143,135836.55721800763
2022-06-06,98490.6243,138378.09172068175
2022-06-07,98231.7743,138811.33651510114
2022-06-08,98446.3743,140162.6610248355
2022-06-09,98394.1143,138696.6172395259
2022-06-10,99447.8843,140799.77849328157
2022-06-13,98974.7443,139150.93719184457
2022-06-14,100728.3043,140245.67289973205
2022-06-15,101842.5543,142102.6251575408
2022-06-16,101091.1443,141167.39966364802
2022-06-17,100201.8643,143126.54235611853
2022-06-20,100815.2443,143836.96616575238
2022-06-21,100188.5642,143675.30359520626
2022-06-22,100107.1042,141850.35103341038
2022-06-23,101446.8742,144283.5568994057
2022-06-24,102448.5842,145974.02703519285
2022-06-27,102992.6842,147617.90928056312
2022-06-28,103799.3642,149154.2102352794
2022-06-29,102257.2642,146857.04791810014
2022-06-30,102446.4242,148971.33300224267
2022-07-01,101838.1042,148363.72739793136
2022-07-04,101688.7242,149337.34986980926
2022-07-05,100798.5242,149121.71563012124
2022-07-06,99776.4242,146943.83306003743
2022-07-07,100169.6042,147591.65916663437
2022-07-08,100407.3442,147103.6388909042
2022-07-11,99731.5242,144640.24356704493
2022-07-12,99286.9042,143278.469499115
2022-07-13,100174.9642,143538.98768028338
2022-07-14,99662.4842,143559.3320998473
2022-07-15,96722.2442,141116.44395090846
2022-07-18,98997.5442,142579.86372128656
2022-07-19,99536.9642,141807.74898845912
2022-07-20,99917.0042,142288.1297270469
2022-07-21,99676.0042,140702.2647839661
2022-07-22,100188.5242,140774.5514130223
2022-07-25,100088.5042,139924.56986748686
2022-07-26,102484.1842,141031.6949116965
2022-07-27,102060.2442,140336.16155641447
2022-07-28,102050.6842,140357.33968198826
2022-07-29,101396.6642,138511.51457610424
2022-08-01,101181.0042,139128.54006186588
2022-08-02,97547.7542,136416.35822865865
2022-08-03,96702.2142,135086.12880605087
2022-08-04,98437.3842,136234.0954801312
2022-08-05,99733.7742,138073.37715637588
2022-08-08,100849.2642,137779.869460904
2022-08-09,101125.5642,138052.77033531878
2022-08-10,101317.3242,136506.48151617334
2022-08-11,102845.8242,139290.11295088907
2022-08-12,102110.4442,139210.7016230631
2022-08-15,102023.0842,139028.92714060523
2022-08-16,102518.1531,138768.43885327785
2022-08-17,102802.7331,140067.87761966398
2022-08-18,103439.7931,138843.59196953138
2022-08-19,102132.3631,137879.4890252405
2022-08-22,101822.1431,138886.66899440068
2022-08-23,102328.0431,138211.92514475953
2022-08-24,100011.1931,135599.11043900927
2022-08-25,99918.2331,136722.45787426384
2022-08-26,98958.7631,136433.68004874449
2022-08-29,99266.8431,135834.9728444351
2022-08-30,99112.4331,135379.03198162714
2022-08-31,97706.8631,135480.2226333846
2022-09-01,97388.9431,134314.33958393647
2022-09-02,98189.8231,133645.83358244895
2022-09-05,98482.6131,133373.90924017323
2022-09-06,99196.3931,134598.02217033567
2022-09-07,98923.4031,134687.79669637213
2022-09-08,98602.6731,134113.2005355916
2022-09-09,99785.6631,135976.6995445776
2022-09-13,98866.0631,136552.2257359667
2022-09-14,98797.6431,135032.4394676295
2022-09-15,98192.0431,133762.27009311228
2022-09-16,95205.4331,130625.54257321428
2022-09-19,94078.3731,130470.01156160935
2022-09-20,94672.2231,130630.64113387233
2022-09-21,95173.5731,129664.03042847599
2022-09-22,94457.0331,128521.72697649464
2022-09-23,93256.7831,128079.20512675411
2022-09-26,91492.2931,127436.69015924007
2022-09-27,92910.8231,129284.0531371662
2022-09-28,90748.2431,127172.04662801482
2022-09-29,90418.2031,127120.0180585374
2022-09-30,90664.5031,126380.70683389172
2022-10-10,89501.6931,123592.3156353825
2022-10-11,90256.5431,123816.52608589733
2022-10-12,92016.6531,125697.17087346106
2022-10-13,92021.5131,124646.45218566517
2022-10-14,92979.4331,127629.09024140163
2022-10-17,93629.3631,127760.02858648392
2022-10-18,93290.2531,127489.48268243173
2022-10-19,92726.2531,125438.99105496584
2022-10-20,92771.6631,124721.31964966036
2022-10-21,92687.5431,124321.60578022018
2022-10-24,91431.1331,120683.87077144999
2022-10-25,91621.6331,120487.26562232224
2022-10-26,92605.8431,121465.40870726563
2022-10-27,92727.0131,120609.8502996162
2022-10-28,90469.5831,117626.60108090832
2022-10-31,90626.2331,116542.91280803629
2022-11-01,91833.6931,120710.43975301596
2022-11-02,92439.1531,122159.68984276392
2022-11-03,92149.2331,121166.26768353577
2022-11-04,93572.9831,125128.13164556715
2022-11-07,93844.7431,125397.92356051877
2022-11-08,93515.6531,124535.25374025118
2022-11-09,93317.0531,123370.89859823152
2022-11-10,94196.3931,122421.53996062539
2022-11-11,95239.3931,125834.42678360628
2022-11-14,95514.3531,126019.71545314968
2022-11-15,97395.4231,128409.74464813908
2022-11-16,97189.1731,127360.7133015903
2022-11-17,97466.7031,126838.37157486357
2022-11-18,96669.7431,126270.5413867609
2022-11-21,95548.5031,125192.9780297543
2022-11-22,95258.4931,125207.78544565894
2022-11-23,94742.9631,125339.18548450765
2022-11-24,94532.9431,124783.80774194704
2022-11-25,95621.7931,125413.84369161593
2022-11-28,95980.7231,124001.06076634016
2022-11-29,98590.5142,127826.8081057219
2022-11-30,99251.6742,127980.06718541143
2022-12-01,100100.5042,129366.21801990134
2022-12-02,98957.6142,128574.99780114219
2022-12-05,99270.7042,131096.97841026974
2022-12-06,98193.2642,131805.196718746
2022-12-07,97879.7842,131481.11426701528
2022-12-08,97457.2542,131505.6571104696
2022-12-09,97244.5442,132803.1959571838
2022-12-12,95989.6242,131315.1170895253
2022-12-13,96046.8342,131057.29931865988
2022-12-14,95450.3542,131363.0269520216
2022-12-15,95903.6342,131266.7953563309
2022-12-16,95211.6942,131341.14798195346
2022-12-19,94032.5942,129314.80061339536
2022-12-20,92881.8242,127182.26035702045
2022-12-21,92122.5042,127232.78426983459
2022-12-22,91746.5842,127415.12341373344
2022-12-23,91939.7542,127155.73787698489
2022-12-26,92072.9542,127662.93339094237
2022-12-27,92293.3442,129136.54363956081
2022-12-28,92212.4042,128585.51379009557
2022-12-29,91169.6342,128101.774976703
2022-12-30,92179.4142,128597.7835510538
2023-01-03,93531.9542,129138.04497468617
2023-01-04,94223.0442,129305.73281496114
2023-01-05,94178.1242,131817.82852733403
2023-01-06,93859.3242,132226.7297705724
2023-01-09,94586.0342,133297.28800417323
2023-01-10,94084.3442,133441.911085354
2023-01-11,93565.8642,133194.695663427
2023-01-12,94436.6442,133455.04776770098
2023-01-13,95158.7442,135331.98239744382
2023-01-16,96143.7342,137444.05201581505
2023-01-17,94699.8742,137420.0671907259
2023-01-18,95044.9042,137189.95436738417
2023-01-19,95976.3542,138043.37038309584
2023-01-20,96580.9142,138890.99363673088
2023-01-30,96832.5942,139549.2659799855
2023-01-31,97658.2242,138071.6067766816
2023-02-01,98503.6642,139369.5109925635
2023-02-02,98223.8242,138878.4581527416
2023-02-03,98192.6742,137565.87273939484
2023-02-06,97731.3642,135747.1978842072
2023-02-07,98169.6042,135991.51692509584
2023-02-08,97676.1942,135390.57100424997
2023-02-09,98239.2842,137207.9637458128
2023-02-10,98059.7042,136392.63248352477
2023-02-13,98356.8842,137630.38032671734
2023-02-14,98030.4142,137687.384559951
2023-02-15,98201.3242,136969.90248230513
2023-02-16,97112.4142,135966.7415739894
2023-02-17,95947.6842,134007.6785984282
2023-02-20,97251.5742,137295.42315994136
2023-02-21,97611.7442,137656.27503609215
2023-02-22,97144.6842,136413.92021984892
2023-02-23,96663.4442,136304.16664341622
2023-02-24,96417.7942,134889.17157390705
2023-02-27,95568.8242,134317.82387718098
2023-02-28,96295.4342,135168.61255642326
2023-03-01,97504.3742,137077.9255374982
2023-03-02,97331.0842,136772.21783336377
2023-03-03,97438.8942,137197.8264121787
2023-03-06,97211.0242,136482.33061418985
2023-03-07,95300.9642,134484.14988692186
2023-03-08,95881.0742,133994.4156976415
2023-03-09,95591.8542,133520.85739787563
2023-03-10,94819.9042,131769.8987356104
2023-03-13,94850.8442,133150.02430037147
2023-03-14,94177.7542,132353.1740748922
2023-03-15,94517.6242,132426.4604868527
2023-03-16,93614.1342,130840.3763222713
2023-03-17,94603.5242,131493.68628792127
2023-03-20,94251.6642,130837.93499192363
2023-03-21,95318.0642,132276.200755876
2023-03-22,95892.6442,132843.00458877126
2023-03-23,96652.4542,134159.8880721451
2023-03-24,97230.6842,133759.8486919919
2023-03-27,97016.7842,133275.94712324283
2023-03-28,96340.1242,132845.39609605062
2023-03-29,96049.0042,133065.59080725882
2023-03-30,95119.5842,134141.16124153262
2023-03-31,96179.5942,134553.0319396428
2023-04-03,97458.2042,135869.75266766013
2023-04-04,97628.1642,136286.19380190418
2023-04-06,95994.9842,136071.44973437017
2023-04-07,97067.4642,136956.30410619162
2023-04-10,95145.9042,136342.87916750056
2023-04-11,96074.4142,136187.9659619428
2023-04-12,97433.8942,136092.96001373275
2023-04-13,96798.6542,135152.66585302295
2023-04-14,96615.7942,135917.29051791297
2023-04-17,95911.8342,137823.3483918577
2023-04-18,94800.1742,138243.4697900817
2023-04-19,94499.6642,136998.78657577897
2023-04-20,94359.8542,136615.4910681191
2023-04-21,91698.7442,133943.247406477
2023-04-24,91383.3942,132284.99286666542
2023-04-25,90241.0542,131621.44592124468
2023-04-26,89885.2142,131507.40091786068
2023-04-27,89845.2942,132476.8316089239
2023-04-28,92697.6842,133827.61138644462
2023-05-04,94138.8942,133866.1844059378
2023-05-05,94319.1542,133422.1047549278
2023-05-08,94620.7142,134942.87087694198
2023-05-09,94380.7442,133787.40749184845
2023-05-10,94176.4442,132757.53477583756
2023-05-11,94933.9942,132551.40677758495
2023-05-12,93931.8342,130794.26341177232
2023-05-15,93403.4442,132824.55344580347
2023-05-16,91756.3042,132137.59962288607
2023-05-17,91997.5942,131538.38090174194
2023-05-18,92356.1942,131402.36724676684
2023-05-19,91877.2742,131019.4005713579
2023-05-22,91148.4342,131842.7234538044
2023-05-23,89989.3442,129978.02869117878
2023-05-24,89758.3842,128181.25273528666
2023-05-25,89835.0242,127895.80309073107
2023-05-26,90766.7142,127910.79983429534
2023-05-29,90037.0142,127345.82284723844
2023-05-30,90762.3342,127472.42326383898
2023-05-31,91598.4242,126170.05822257353
2023-06-01,92775.4442,126446.55964405889
2023-06-02,93903.0542,128272.26951649322
2023-06-05,93733.5542,127688.1936865804
2023-06-06,92705.4842,126489.57355970827
2023-06-07,93251.8142,125864.42359227264
2023-06-08,94101.4442,126888.94863228388
2023-06-09,94060.4542,127437.53050832567
2023-06-12,95222.4342,127694.27874399119
2023-06-13,96734.1742,128374.36362655621
2023-06-14,96046.6442,128345.04441161896
2023-06-15,95656.3342,130386.9498636444
2023-06-16,96636.2542,131644.20177731523
2023-06-19,97486.9442,130566.5952403161
2023-06-20,95680.9296,130345.0420201117
2023-06-21,93308.2096,128345.29684849847
2023-06-26,91452.9396,126540.50270014476
2023-06-27,92856.5196,127727.52733824993
2023-06-28,92323.0496,127573.58070021759
2023-06-29,92595.4296,126943.97987201205
2023-06-30,94717.6196,127628.485721506
2023-07-03,94879.4696,129303.55388610654
2023-07-04,95110.4696,129507.20401709473
2023-07-05,94373.6696,128503.83717342994
2023-07-06,94695.2196,127638.55330284448
2023-07-07,94313.3796,127072.03512220757
2023-07-10,94027.0596,127690.7745215194
2023-07-11,94447.0596,128526.44688183346
2023-07-12,92867.2896,127661.21283431633
2023-07-13,93782.4196,129487.59365740404
2023-07-14,94288.4696,129510.17347196654
2023-07-17,93945.2796,128449.6794981663
2023-07-18,93712.9696,128043.26940834394
2023-07-19,93997.7796,127907.98317016629
2023-07-20,93286.8096,127005.46485985651
2023-07-21,94118.8096,126946.18869470753
2023-07-24,94041.5996,126391.85723658162
2023-07-25,96036.9396,130042.03804781809
2023-07-26,96071.0296,129772.91044044406
2023-07-27,95310.5796,129617.89426721177
2023-07-28,96910.5596,132620.29215184387
2023-07-31,98311.8096,133347.45983397108
2023-08-01,99121.8206,132795.11797704012
2023-08-02,99615.0606,131861.56653824289
2023-08-03,100203.1106,133027.05764622023
2023-08-04,101030.6206,133545.06144446522
2023-08-07,100293.3406,132534.44700512887
2023-08-08,99414.6406,132188.31286335978
2023-08-09,99011.6506,131784.1813485286
2023-08-10,99388.8506,132054.93318792983
2023-08-11,97480.3606,129016.96163251738
2023-08-14,97840.9406,128075.38203664492
2023-08-15,97343.5706,127764.14065038912
2023-08-16,97339.3506,126827.40385675733
2023-08-17,97726.2706,127251.46459891646
2023-08-18,95667.5706,125687.11989981192
2023-08-21,94777.8006,123878.58237825843
2023-08-22,95695.2506,124830.93704303954
2023-08-23,94224.5706,122785.09556861683
2023-08-24,94323.2106,123675.1149318541
2023-08-25,93263.2606,123200.87903835908
2023-08-28,95040.6206,124644.67516289497
2023-08-29,96251.2506,125889.83003557775
2023-08-30,95610.4706,125836.78507550662
2023-08-31,94230.1206,125064.79656111891
2023-09-01,93718.3006,125935.81672763689
2023-09-04,94537.9106,127844.38900576283
2023-09-05,93513.5006,126893.28988230338
2023-09-06,94300.5206,126617.96428523035
2023-09-07,93408.5806,124839.16449238804
2023-09-08,93578.6206,124225.27453839265
2023-09-11,93721.0906,125140.16889887305
2023-09-12,93315.6506,124909.91324940213
2023-09-13,92646.2306,124114.28867140351
2023-09-14,92281.6406,124009.87280635678
2023-09-15,92311.4306,123188.41994974119
2023-09-18,92395.8506,123817.33321960393
2023-09-19,91746.2206,123577.88687479695
2023-09-20,91592.3706,123085.89071821487
2023-09-21,92248.8806,121981.64544735411
2023-09-22,93266.9606,124190.06623678001
2023-09-25,92108.3806,123381.96928401201
2023-09-26,91980.3106,122660.83351468937
2023-09-27,91782.9906,122913.3434680098
2023-09-28,92501.1206,122548.71168174251
2023-10-09,91850.4206,122389.610016908
2023-10-10,92099.7806,121472.82237983146
2023-10-11,92232.4606,121819.00634466887
2023-10-12,92732.1706,122976.03417410766
2023-10-13,92654.6106,121681.56442840195
2023-10-16,93109.0106,120458.80004262207
2023-10-17,93293.3525,120884.10968302703
2023-10-18,92840.3825,119926.67306527731
2023-10-19,92531.1125,117368.01935632853
2023-10-20,92275.9925,116605.54040491414
2023-10-23,91202.9025,115398.32413798792
2023-10-24,92536.6425,115826.35079638528
2023-10-25,93325.6925,116401.88695238809
2023-10-26,92826.0225,116723.65097067301
2023-10-27,92626.0625,118325.97081245089
2023-10-30,92859.9325,119036.33815594068
2023-10-31,93291.0707,118662.12705440444
2023-11-01,92533.3207,118613.0081521169
2023-11-02,92582.0807,118053.73092407579
2023-11-03,93091.6807,119048.44848308022
2023-11-06,95616.3607,120658.46432814458
2023-11-07,95660.5307,120231.67660337943
2023-11-08,96543.4807,119943.13460705013
2023-11-09,95932.5507,120001.3943816054
2023-11-10,95683.3007,119126.60094804666
2023-11-13,96121.6207,118891.5954993959
2023-11-14,97181.5607,118979.42692576791
2023-11-15,96747.0307,119816.02267361482
2023-11-16,96233.0307,118657.42707829292
2023-11-17,96370.1707,118514.74709677661
2023-11-20,96394.6007,118788.93340635406
2023-11-21,97126.0207,118946.51048529799
2023-11-22,96844.2707,117729.12699089664
2023-11-23,97231.0607,118297.24947433344
2023-11-24,96078.3407,117516.29945072395
2023-11-27,95978.8207,116650.49742022797
2023-11-28,95513.4407,116869.08118556051
2023-11-29,94311.8107,115865.4486188647
2023-11-30,93681.0307,116127.7006428106
2023-12-01,95062.6407,115685.22197306261
2023-12-04,94808.4207,114929.7946465844
2023-12-05,93399.4107,112741.53559213855
2023-12-06,94079.4707,112918.93560919799
2023-12-07,94480.6607,112642.72648304679
2023-12-08,93550.2607,112914.41167459455
2023-12-11,94384.6107,113578.48674453949
2023-12-12,94900.9007,113822.55999162445
2023-12-13,93932.1707,111922.7067504545
2023-12-14,93703.0007,111336.7509300971
2023-12-15,93645.0707,110990.90576212427
2023-12-18,92188.7107,110586.14315509437
2023-12-19,92103.0307,110741.44165904714
2023-12-20,90558.0407,109527.7849301561
2023-12-21,90881.5307,110636.10240646756
2023-12-22,89382.7307,110847.29574999934
2023-12-25,89030.9707,111186.84660367444
2023-12-26,88303.4107,110434.1661890296
2023-12-27,88842.5307,110818.36847653288
2023-12-28,90260.2407,113415.2497650345
2023-12-29,90787.3507,113965.61530692215
2024-01-02,90446.6807,112478.97134363124
2024-01-03,90597.0907,112211.41814521613
2024-01-04,89940.5507,111173.5969890393
2024-01-05,89090.2007,110577.69648424527
2024-01-08,88552.9907,109147.6083465731
2024-01-09,88427.9307,109361.61503269603
2024-01-10,87709.0307,108851.08137316111
2024-01-11,88826.2407,109466.9841791166
2024-01-12,88079.0507,109084.84124510389
2024-01-15,88010.6807,108976.98426680522
2024-01-16,88191.9007,109639.85361849683
2024-01-17,86583.2507,107255.1820641207
2024-01-18,87325.1507,108771.35117769791
2024-01-19,87210.2707,108606.8586568712
2024-01-22,84220.3607,106917.03622097224
2024-01-23,84699.1807,107349.87578776928
2024-01-24,86463.7007,108850.41374404565
2024-01-25,87984.7707,111036.31782812893
2024-01-26,88242.8007,110734.13759723156
2024-01-29,86734.2507,109742.2964900381
2024-01-30,84886.5707,107785.18990029293
2024-01-31,82969.4107,106799.12826902456
2024-02-01,82003.8607,106877.48666934003
2024-02-02,79946.7607,105612.53543084483
2024-02-05,75292.9707,106303.22266234833
2024-02-06,77172.3714,109999.11115646137
2024-02-07,77240.2814,111059.94724866406
2024-02-08,79367.2214,111767.41488957766
2024-02-19,80501.3214,113058.76571120655
2024-02-20,80985.3814,113292.81455694558
2024-02-21,81569.1414,114821.28996839776
2024-02-22,82394.9114,115811.22119130562
2024-02-23,83485.1514,115913.08943679226
2024-02-26,83671.2714,114704.61098546861
2024-02-27,85274.2814,116080.68759554424
2024-02-28,83236.7714,114601.68649093359
2024-02-29,84712.0914,116788.01573186654
2024-03-01,85443.9714,117509.49361959164
2024-03-04,84854.6114,117611.29211278261
2024-03-05,83945.2614,118429.90837604186
2024-03-06,83987.8014,117949.40806209011
2024-03-07,83296.1314,117240.97053211324
2024-03-08,83508.2114,117745.5254234498
2024-03-11,84491.6714,119218.74705213535
2024-03-12,85225.1214,119492.12290646811
2024-03-13,85238.6114,118657.3241106186
2024-03-14,85174.2714,118320.58327799675
2024-03-15,86696.3214,118578.67009343111
2024-03-18,87915.9114,119692.54782416705
2024-03-19,88350.1614,118832.34590655022
2024-03-20,89943.1614,119089.88134669518
2024-03-21,89578.1714,118947.26779593663
2024-03-22,89024.3914,117748.5945244583
2024-03-25,87209.9214,117109.56717172665
2024-03-26,87056.7478,117706.88929473674
2024-03-27,85690.7878,116346.38405427997
2024-03-28,87248.2978,116950.17985463377
2024-03-29,86399.6878,117498.88130603953
2024-04-01,87025.8978,119430.76413706332
2024-04-02,85842.9978,118933.50666446667
2024-04-03,84972.9778,118505.93173522208
2024-04-08,84661.3578,117463.12162913747
2024-04-09,84187.9927,117366.11279358096
2024-04-10,82471.9627,116410.22401248704
2024-04-11,82161.1127,116394.81539822467
2024-04-12,80615.4327,115451.30598883927
2024-04-15,79386.6227,117883.90069186324
2024-04-16,76200.3527,116623.00172959139
2024-04-17,78685.5927,118426.21150437252
2024-04-18,78207.1827,118572.31931298923
2024-04-19,77108.1327,117637.64187284799
2024-04-22,76756.9927,117280.33075608584
2024-04-23,76863.6627,116460.58849148257
2024-04-24,77602.6227,116972.00568009571
2024-04-25,77803.1827,117259.63093196794
2024-04-26,79982.1127,119052.83955616834
2024-04-29,83184.2827,120369.62339340555
2024-04-30,82401.9227,119721.32230689064
2024-05-06,83277.5327,121497.76048629459
2024-05-07,83189.2913,121535.32375826983
2024-05-08,81131.8713,120579.24232797841
2024-05-09,81426.8813,121719.78204334121
2024-05-10,81311.6213,121776.7829550369
2024-05-13,80113.7913,121724.09007798193
2024-05-14,80511.8013,121470.14854183176
2024-05-15,80407.5013,120440.82055803447
2024-05-16,81719.7713,120915.9100867667
2024-05-17,84215.2213,122165.1537725896
2024-05-20,84426.6313,122596.7112257619
2024-05-21,84067.0181,122105.08375988538
2024-05-22,84849.7581,122380.43592926151
2024-05-23,83192.1181,120963.4911170121
2024-05-24,81555.0781,119624.36993747819
2024-05-27,81237.4681,120761.41539498285
2024-05-28,79260.0881,119880.02870871643
2024-05-29,79564.7781,120024.51228530593
2024-05-30,78566.1481,119386.43821394815
2024-05-31,78658.2481,118908.5552718521
2024-06-03,77402.5481,119201.63448893641
2024-06-04,77593.4008,120095.89545605663
2024-06-05,76556.6008,119402.43141887878
2024-06-06,74680.4008,119317.79199041714
2024-06-07,75645.9508,118715.56063440863
2024-06-11,75448.3008,117678.00520126281
2024-06-12,75998.6208,117719.37163411976
2024-06-13,75328.0008,117121.7638588513
2024-06-14,75851.3408,117633.36373204827
2024-06-17,75103.4508,117456.1762934137
2024-06-18,75665.1404,117768.12184570174
2024-06-19,75131.1704,117208.7350069103
2024-06-20,73491.8304,116362.82898836337
2024-06-21,73222.0604,116108.33607692379
2024-06-24,71846.1004,115483.56808634526
2024-06-25,71893.9182,114855.53502402286
2024-06-26,73095.0904,115598.31393422362
2024-06-27,72278.9804,114729.82145803838
2024-06-28,71726.1704,114980.24880710305
2024-07-01,72624.5304,115529.15619385787
2024-07-02,72714.2219,115316.67741516343
2024-07-03,73442.1119,115038.61154933284
2024-07-04,71622.7919,114453.97770105486
2024-07-05,72543.7719,113963.97446720557
2024-07-08,70872.2219,112990.76054448792
2024-07-09,71031.3219,114254.6289616316
2024-07-10,70769.9019,113894.39489152803
2024-07-11,72136.1119,115196.54735436867
2024-07-12,72157.5219,115337.12812393976
2024-07-15,71051.9619,115464.85122034646
2024-07-16,71152.9719,116196.78530934296
2024-07-17,71362.9419,116306.42595348746
2024-07-18,71184.2719,116949.05717482757
2024-07-19,70858.0219,117549.7440157182
2024-07-22,70811.9719,116749.56228773728
2024-07-23,69921.2619,114256.84774894078
2024-07-24,68630.3319,113535.68872885291
2024-07-25,69216.9819,112908.09410953172
2024-07-26,70269.9619,113240.9620289762
2024-07-29,70102.7219,112624.78021383812
2024-07-30,71229.7693,111915.3030425023
2024-07-31,73363.8393,114330.13748243921
2024-08-01,72883.2893,113572.23561023443
2024-08-02,71692.3993,112413.85923641316
2024-08-05,71092.7693,111049.65712428706
2024-08-06,71735.0493,111038.3107508617
2024-08-07,71281.3993,110988.8231578686
2024-08-08,71250.8393,111036.91570494874
2024-08-09,71319.6293,110661.266377507
2024-08-12,70321.3893,110469.8494705603
2024-08-13,70465.5793,110753.03714781415
2024-08-14,70161.4393,109917.62386745533
2024-08-15,71143.1793,111004.23509366882
2024-08-16,70602.5693,111126.50090332556
2024-08-19,70229.9093,111502.95404293618
2024-08-20,69789.5493,110697.0061251817
2024-08-21,69251.8793,110329.36502558792
2024-08-22,68652.4493,110047.05755587436
2024-08-23,68715.7693,110513.89306295496
2024-08-26,69010.4393,110415.32974766688
2024-08-27,68144.2293,109787.91449139162
2024-08-28,68838.8893,109162.19654097714
2024-08-29,69175.3693,108869.42290537854
2024-08-30,70969.2693,110322.63226828896
2024-09-02,69451.9993,108448.57741189498
2024-09-03,69920.9993,108728.1578990025
2024-09-04,69357.7893,108021.88933326649
2024-09-05,70906.5193,108207.65962580362
2024-09-06,70940.9193,107330.37171729098
2024-09-09,70365.6193,106055.09713903994
2024-09-10,69767.3693,106148.2197752675
2024-09-11,69811.6193,105828.51178893523
2024-09-12,69715.1293,105374.94914725503
2024-09-13,69282.7893,104935.58608004596
2024-09-18,69742.5693,105326.30522488548
2024-09-19,70728.1993,106157.53668904329
2024-09-20,71835.4793,106324.07859874688
2024-09-23,71868.9293,106713.1701900213
2024-09-24,73999.0593,111334.92740579662
2024-09-25,75567.5693,112983.20736733056
2024-09-26,79197.0293,117759.16033647986
2024-09-27,83863.6293,123019.2972050987
2024-09-30,90860.7293,133454.55950163124
2024-10-08,97542.7693,141367.84783211205
2024-10-09,92458.9802,131399.50408110727
2024-10-10,91168.9702,132788.03977980072
2024-10-11,88386.6802,129113.72467427014
2024-10-14,90263.0502,131577.48868883494
2024-10-15,88990.9102,128078.3315622894
2024-10-16,89692.2902,127267.68034688554
2024-10-17,87552.5702,125827.21904638919
2024-10-18,89396.6402,130378.13450208957
2024-10-21,90806.6702,130709.07260802113
2024-10-22,90540.2502,131459.01275390838
2024-10-23,92087.0002,131971.63898231275
2024-10-24,90861.2102,130497.68993682973
2024-10-25,92723.3402,131414.02252321562
2024-10-28,94786.9202,131670.97337269227
2024-10-29,94465.3702,130358.70350544484
2024-10-30,95741.1402,129189.51220426027
2024-10-31,99679.3302,129242.35455052022
2024-11-01,99175.1802,129208.49811482798
2024-11-04,98660.1502,131026.76109931746
2024-11-05,101960.5919,134342.00799454315
2024-11-06,103751.3219,133668.0878862982
2024-11-07,106218.7219,137700.83678839705
2024-11-08,103553.3819,136317.47604573306
2024-11-11,104278.0219,137217.08801039084
2024-11-12,102327.9119,135709.50175071618
2024-11-13,101821.3219,136544.77220494577
2024-11-14,99905.5819,134177.4789367996
2024-11-15,98306.0019,131826.21873203877
2024-11-18,96327.3719,131213.38834862967
2024-11-19,96623.0019,132093.94797196196
2024-11-20,99936.3519,132388.95035948337
2024-11-21,100455.0519,132506.04121311064
2024-11-22,97236.4319,128400.65359893942
2024-11-25,96295.4219,127815.79720762293
2024-11-26,95353.6119,127553.189779123
2024-11-27,96713.4719,129773.97001103012
2024-11-28,96841.9519,128628.23208887262
2024-11-29,99120.2019,130090.79490247561
2024-12-02,101966.1019,131122.09255824046
2024-12-03,102869.3619,131263.56349996553
2024-12-04,102036.6419,130554.93332079114
2024-12-05,104849.8619,130257.03455223139
2024-12-06,104556.5119,131969.36705039724
2024-12-09,101750.0619,131751.15197577025
2024-12-10,103370.5619,132716.59349983
2024-12-11,103911.3119,132490.52630963584
2024-12-12,105265.3319,133808.3132513152
2024-12-13,104105.5019,130642.0904749719
2024-12-16,102641.3219,129933.30086197889
2024-12-17,100944.3538,130271.82536044659
2024-12-18,101456.2338,130931.36985271235
2024-12-19,99934.0438,131050.0650091395
2024-12-20,101128.4738,130461.5084246158
2024-12-23,97068.7338,130655.07768811393
2024-12-24,97316.9138,132319.7129022083
2024-12-25,94517.9638,132384.18063107622
2024-12-26,94683.4938,132445.66229738283
2024-12-27,94957.8438,132231.4430328351
2024-12-30,94484.1738,132830.1236648414
2024-12-31,91454.0538,130699.55640197195
2025-01-02,89148.2138,126895.87403878014
2025-01-03,86356.6338,125393.52916589273
2025-01-06,85742.8038,125187.75657219414
2025-01-07,87349.0038,126089.08245040211
2025-01-08,87079.6538,125860.22184684413
2025-01-09,87212.5938,125550.05663886404
2025-01-10,85322.6338,123975.75729070923
2025-01-13,85438.1338,123644.67968018638
2025-01-14,88549.2838,126900.66701795251
2025-01-15,88039.5138,126086.44182778116
2025-01-16,88387.6838,126231.18116278804
2025-01-17,87454.8238,126628.4138434259
2025-01-20,88339.0338,127204.15261323983
2025-01-21,88776.7438,127301.74271792675
2025-01-22,87766.3138,126119.34498209956
2025-01-23,88402.9038,126342.79480043802
2025-01-24,88482.0438,127310.01999034364
2025-01-27,87356.6438,126785.76505779344
2025-02-05,88553.5906,126055.17951317948
2025-02-06,89981.8406,127641.10092240437
2025-02-07,91748.8106,129297.59836867318
2025-02-10,92704.2006,129575.24572072989
2025-02-11,91967.1806,128979.8069097023
2025-02-12,93423.5906,130199.6915221333
2025-02-13,93137.0306,129710.69803580198
2025-02-14,93917.8106,130835.65973847013
2025-02-17,94569.9806,131114.33012419636
2025-02-18,92026.2606,129964.56649811863
2025-02-19,93131.2506,130873.91389032606
2025-02-20,93628.7406,130499.76589800972
2025-02-21,94490.7306,132145.52481228666
2025-02-24,95440.5306,131855.65087926426
2025-02-25,94622.0606,130391.968707393
2025-02-26,95537.9106,131530.95062148632
2025-02-27,94366.0106,131802.4730576776
2025-02-28,91522.6106,129209.44143158817
2025-03-03,91882.2606,129157.13053139028
2025-03-04,92790.3906,129049.08090389411
2025-03-05,93392.4806,129625.36108438383
2025-03-06,95311.8306,131407.90757196382
2025-03-07,93545.3306,131001.92928206689
2025-03-10,92748.3306,130496.6403308571
2025-03-11,93199.4206,130915.6157985097
2025-03-12,93470.4906,130444.48222140204
2025-03-13,91949.1306,129924.58846809878
2025-03-14,93469.3606,133079.29879412233
2025-03-17,93481.5306,132754.81443630715
2025-03-18,93572.2606,133118.034568972
2025-03-19,93461.9406,133199.24949187113
2025-03-20,93160.5806,132030.85868131756
2025-03-21,91983.8906,130028.09755330205
2025-03-24,90565.7206,130697.48708386777
2025-03-25,89553.2611,130612.67161389807
2025-03-26,90249.8811,130182.91443426107
2025-03-27,90010.0911,130616.54452707546
2025-03-28,89766.2411,130043.7287106029
2025-03-31,89420.1711,129118.3283257828
2025-04-01,88333.4411,129130.90034668884
2025-04-02,88822.5511,129021.34606252942
2025-04-03,88421.2911,128261.29847684901
2025-04-07,81419.8611,119224.62949573474
2025-04-08,81775.7049,121261.34338404126
2025-04-09,83578.7349,122458.2695265905
2025-04-10,85179.5749,124063.26320636822
2025-04-11,84747.0449,124574.83318572422
2025-04-14,85416.7549,124861.33243625239
2025-04-15,85056.2749,124930.8389380964
2025-04-16,84332.3549,125315.65903164685
2025-04-17,84297.2849,125295.78627046302
2025-04-18,84697.0549,125305.78077796799
2025-04-21,85108.1349,125716.24314401369
2025-04-22,84627.6549,125685.40598626163
2025-04-23,84587.5349,125782.73368945536
2025-04-24,83463.7449,125698.86485778372
2025-04-25,84057.3849,125786.43056112468
2025-04-28,82755.2149,125607.90122118338
2025-04-29,82743.1549,125390.60289101346
2025-04-30,83559.1449,125240.92775070506
2025-05-06,85343.2449,126502.17879599304
2025-05-07,85274.1547,127268.94253128294
2025-05-08,85833.2947,127975.41038929223
2025-05-09,84370.9547,127751.54870025566
2025-05-12,85394.9247,129228.07193760187
2025-05-13,85258.1547,129415.69564828051
2025-05-14,85892.9247,130975.24072513691
2025-05-15,84609.5947,129779.10178706713
2025-05-16,84223.4847,129177.44505711322
2025-05-19,84760.4747,128780.85011174987
2025-05-20,85853.2003,129479.21009577462
2025-05-21,85559.0703,130084.06878825257
2025-05-22,84561.4203,130000.51218114239
2025-05-23,83313.7703,128951.2051469489
2025-05-26,83976.0503,128214.90655716759
2025-05-27,83818.7103,127527.02270364157
2025-05-28,83382.1303,127422.05214176756
2025-05-29,84567.0003,128168.17584062152
2025-05-30,83221.9603,127554.7708311578
2025-06-03,83487.8403,127946.06128051404
2025-06-04,83966.6703,128501.76121224981
2025-06-05,84349.0003,128794.48170324217
2025-06-06,84073.7003,128675.84965603489
2025-06-09,84690.4703,129049.91460990405
2025-06-10,84641.4603,128392.89116489532
2025-06-11,85197.6203,129361.45161303188
2025-06-12,86204.4203,129280.87110386937
2025-06-13,84723.7903,128350.27583379246
2025-06-16,85411.2503,128669.57194942661
2025-06-17,85719.5803,128556.0916074836
2025-06-18,84684.6203,128708.62327037568
2025-06-19,83425.6303,127649.73027783744
2025-06-20,83184.0803,127767.74784053546
2025-06-23,83809.3603,128141.66332519967
2025-06-24,85797.2103,129673.97511291248
2025-06-25,87643.4103,131535.09922230852
2025-06-26,87376.8503,131068.53275979686
2025-06-27,87422.9303,130262.67120202749
2025-06-30,87783.0303,130738.35860757955
2025-07-01,87262.2254,130960.33366309572
2025-07-02,87628.3454,130990.98813626393
2025-07-03,88174.2654,131800.86875487777
2025-07-04,88205.4254,132270.39470764762
2025-07-07,88643.7654,131704.77666377835
2025-07-08,90780.5254,132810.12136368005
2025-07-09,91916.7454,132575.88319028143
2025-07-10,93129.0854,133194.47644192618
2025-07-11,94572.4654,133353.33563449484
2025-07-14,92395.6854,133448.35819039436
2025-07-15,90578.2494,133494.74678853797
2025-07-16,90692.0094,133100.72935657567
2025-07-17,91230.0694,134007.1471523659
2025-07-18,90925.1094,134806.2294513059
2025-07-21,91549.1494,135704.99110226438
2025-07-22,92149.7694,136812.75720328643
2025-07-23,92052.6694,136839.67162479277
2025-07-24,94004.6494,137811.82929846202
2025-07-25,93173.2594,137085.29603007142
2025-07-28,93511.5294,137372.96778347407
2025-07-29,93591.6694,137911.07352901716
2025-07-30,93511.5794,137884.9396689145
2025-07-31,92289.9494,135372.30586740377
2025-08-01,92481.6294,134685.9897797609
2025-08-04,92125.3294,135209.91920159804
2025-08-05,92278.9294,136297.64646454187
2025-08-06,92648.0794,136630.969434677
2025-08-07,93139.7394,136670.19015405833
2025-08-08,92155.4394,136348.03087276474
2025-08-11,93141.5894,136930.75151521925
2025-08-12,93268.3894,137638.72402989183
2025-08-13,93918.5894,138726.6074051164
2025-08-14,92277.5094,138618.17580076316
2025-08-15,94395.6794,139582.75704650988
2025-08-18,96470.8794,140813.6924154942
2025-08-19,97860.7194,140280.97088286752
2025-08-20,97298.1494,141876.0298428223
2025-08-21,96991.3994,142429.892964106
2025-08-22,98057.3694,145416.85234063474
2025-08-25,99503.8594,148446.89206357067
2025-08-26,99176.5438,147894.48045434404
2025-08-27,97331.7438,145686.8568340112
2025-08-28,98334.0138,148266.21036707793
2025-08-29,97805.5938,149361.55723793682
2025-09-01,98164.6038,150256.77812950668
2025-09-02,96690.4738,149152.09109410676
2025-09-03,94974.8738,148134.92990359318
2025-09-04,95383.5238,144992.05421706452
2025-09-05,96505.6938,148151.38148075234
2025-09-08,97456.9538,148392.1398330251
2025-09-09,96387.5138,147352.00356494033
2025-09-10,96487.3838,147654.4794127097
2025-09-11,97344.0238,151064.6890761529
2025-09-12,96937.4638,150199.87686394755
2025-09-15,96507.7138,150567.16255898733
2025-09-16,97987.2438,150244.342291654
2025-09-17,98043.3438,151163.95323593533
2025-09-18,96343.5938,149406.39467788668
2025-09-19,96013.6938,149532.96187910836
2025-09-22,96279.0938,150220.13824506427
2025-09-23,94371.2338,150126.14204437216
2025-09-24,95914.7638,151663.77161424363
2025-09-25,95947.2938,152574.42769237896
2025-09-26,94916.5938,151131.5914922927
2025-09-29,95702.1338,153456.80419693596
2025-09-30,96002.1938,154142.39286778143
2025-10-09,96804.4938,156427.22895785834
2025-10-10,95872.6138,153349.8938569354
2025-10-13,95078.1638,152590.736443409
2025-10-14,94977.2238,150766.74380606273
2025-10-15,95573.4438,152999.59782819267
2025-10-16,94813.0338,153402.62991398294
2025-10-17,93209.3238,149942.0092700138
2025-10-20,94319.1938,150738.70006167446
2025-10-21,95114.5338,153052.19770218682
2025-10-22,94563.3938,152543.9525822567
2025-10-23,94983.6538,153001.48446171306
2025-10-24,95011.9638,154806.36829158975
2025-10-27,95266.7638,156644.34460344445
2025-10-28,95289.0238,155845.660889051
2025-10-29,96627.5138,157701.23138709835
2025-10-30,96590.0938,156441.47835539785
2025-10-31,98117.0038,154141.53258946846
2025-11-03,99314.4538,154564.53708257922
2025-11-04,98746.2838,153411.8372170085
2025-11-05,99004.0138,153696.09442946228
2025-11-06,98440.2138,155893.16552392498
2025-11-07,98422.1238,155407.92869694496
2025-11-10,100506.5438,155947.88786062953
2025-11-11,101155.7038,154523.43969429118
2025-11-12,100068.3338,154315.5911394126
2025-11-13,100873.5138,156181.16278804067
2025-11-14,99895.3838,153725.41696593747
2025-11-17,101091.1638,152726.05589696558
2025-11-18,100421.9838,151734.25464822678
2025-11-19,98981.4938,152401.86383448454
2025-11-20,98123.7938,151626.4873514511
2025-11-21,95567.0738,147928.26381620282
2025-11-24,97090.4838,147743.5929527066
2025-11-25,97905.2938,149150.4934343827
2025-11-26,97563.9238,150054.64261979543
2025-11-27,96249.2538,149980.81147562127
2025-11-28,96868.8438,150354.7801048917
2025-12-01,97290.7638,152009.7031422016
2025-12-02,96215.9638,151273.95260617184
2025-12-03,94733.4238,150500.49597203764
2025-12-04,93966.7538,151015.92557841944
2025-12-05,94964.8138,152277.1268006391
2025-12-08,96088.4638,153513.32680717588
2025-12-09,96107.9238,152731.72576214036
2025-12-10,96811.4038,152519.2835203627
2025-12-11,95192.4938,151202.54286311803
2025-12-12,95122.6338,152157.98987967285
2025-12-15,94639.3038,151198.38429768226
2025-12-16,93344.7038,149387.97675029788
2025-12-17,92997.9438,152122.283347377
2025-12-18,93158.3538,151222.7311704012
2025-12-19,95601.5138,151733.76638215722
2025-12-22,96021.7938,153176.8218037441
2025-12-23,95172.5138,153479.4338345669
2025-12-24,95302.7038,153922.01215045157
2025-12-25,95417.8838,154203.58223875397
2025-12-26,97537.8338,154691.991134417
2025-12-29,97993.8938,154098.50206612961
2025-12-30,96263.4838,154494.08726397503
